Warehouse ID,Customer ID,Binary Value
1,1,1
1,2,0
1,3,1
1,4,0
1,5,0
1,7,0
1,8,1
1,9,1
1,10,1
1,11,0
1,12,1
1,13,0
1,14,0
1,15,1
1,16,0
1,17,0
1,18,1
1,19,0
1,20,1
1,21,1
1,6,0
1,22,0
1,23,1
1,24,0
1,25,0
1,26,1
1,27,1
1,28,0
1,29,1
1,30,1
1,31,1
1,32,1
1,33,0
1,34,1
1,35,1
1,36,0
1,37,1
1,38,1
1,39,1
1,77,1
1,40,0
1,41,0
1,42,0
1,43,1
1,149,0
1,44,0
1,45,0
1,46,0
1,47,1
1,48,1
1,49,0
1,51,0
1,50,0
1,52,0
1,53,0
1,54,1
1,55,0
1,56,0
1,57,0
1,58,1
1,59,0
1,60,0
1,61,0
1,62,0
1,63,0
1,64,0
1,65,0
1,66,0
1,67,0
1,68,0
1,69,1
1,70,1
1,71,1
1,72,0
1,73,0
1,74,0
1,75,0
1,76,0
1,78,0
1,79,0
1,80,1
1,81,1
1,82,0
1,83,0
1,84,0
1,85,1
1,86,1
1,87,1
1,88,0
1,89,0
1,90,1
1,91,0
1,92,0
1,93,0
1,94,0
1,95,1
1,96,0
1,97,0
1,98,0
1,99,0
1,100,1
1,101,0
1,102,0
1,103,0
1,104,1
1,105,0
1,106,0
1,107,0
1,108,0
1,109,0
1,110,1
1,111,0
1,112,0
1,113,0
1,114,1
1,115,0
1,116,1
1,117,1
1,119,0
1,121,1
1,118,1
1,120,1
1,122,1
1,123,0
1,124,0
1,125,0
1,126,0
1,127,0
1,128,0
1,129,0
1,130,0
1,131,0
1,132,0
1,133,0
1,134,0
1,135,0
1,136,0
1,137,1
1,138,0
1,140,1
1,141,0
1,142,1
1,143,0
1,144,0
1,146,0
1,145,0
1,147,1
1,148,1
1,150,0
1,151,1
1,152,0
1,153,1
1,154,1
1,155,0
1,156,1
1,157,0
1,158,0
1,159,0
1,160,0
1,161,0
1,139,0
1,162,0
1,163,0
1,164,0
1,165,0
1,166,0
1,167,0
1,168,0
1,169,0
1,170,1
1,171,0
1,172,0
1,173,0
1,174,0
1,175,0
1,178,0
1,176,0
1,177,1
1,179,0
1,180,0
1,181,0
1,182,1
1,183,0
1,184,0
1,185,0
1,186,0
1,187,1
1,188,1
1,189,0
1,190,0
1,191,0
1,192,0
1,193,1
1,194,0
1,195,1
1,196,1
1,197,0
1,198,1
1,199,1
1,200,1
2,1,1
2,2,0
2,3,1
2,4,0
2,5,0
2,7,1
2,8,1
2,9,1
2,10,1
2,11,0
2,12,1
2,13,1
2,14,0
2,15,1
2,16,1
2,17,0
2,18,1
2,19,0
2,20,0
2,21,1
2,6,0
2,22,0
2,23,1
2,24,1
2,25,1
2,26,1
2,27,1
2,28,0
2,29,1
2,30,1
2,31,1
2,32,1
2,33,0
2,34,1
2,35,1
2,36,0
2,37,1
2,38,1
2,39,1
2,77,0
2,40,0
2,41,0
2,42,1
2,43,1
2,149,0
2,44,1
2,45,0
2,46,1
2,47,1
2,48,1
2,49,0
2,51,0
2,50,0
2,52,0
2,53,0
2,54,1
2,55,0
2,56,0
2,57,1
2,58,1
2,59,1
2,60,0
2,61,0
2,62,0
2,63,0
2,64,1
2,65,0
2,66,0
2,67,0
2,68,1
2,69,1
2,70,1
2,71,1
2,72,0
2,73,0
2,74,1
2,75,0
2,76,1
2,78,1
2,79,0
2,80,1
2,81,1
2,82,0
2,83,1
2,84,1
2,85,1
2,86,1
2,87,1
2,88,1
2,89,1
2,90,1
2,91,0
2,92,0
2,93,0
2,94,0
2,95,1
2,96,1
2,97,1
2,98,0
2,99,0
2,100,1
2,101,0
2,102,0
2,103,1
2,104,1
2,105,1
2,106,0
2,107,1
2,108,1
2,109,1
2,110,1
2,111,0
2,112,1
2,113,0
2,114,1
2,115,0
2,116,1
2,117,1
2,119,1
2,121,1
2,118,1
2,120,1
2,122,1
2,123,0
2,124,0
2,125,0
2,126,1
2,127,1
2,128,0
2,129,0
2,130,1
2,131,1
2,132,0
2,133,0
2,134,0
2,135,1
2,136,0
2,137,1
2,138,1
2,140,1
2,141,0
2,142,1
2,143,1
2,144,0
2,146,1
2,145,0
2,147,0
2,148,1
2,150,0
2,151,1
2,152,0
2,153,1
2,154,1
2,155,0
2,156,1
2,157,0
2,158,1
2,159,0
2,160,0
2,161,0
2,139,0
2,162,0
2,163,0
2,164,0
2,165,0
2,166,0
2,167,0
2,168,0
2,169,0
2,170,1
2,171,0
2,172,0
2,173,1
2,174,0
2,175,0
2,178,0
2,176,1
2,177,0
2,179,0
2,180,0
2,181,0
2,182,1
2,183,0
2,184,1
2,185,1
2,186,0
2,187,1
2,188,1
2,189,0
2,190,0
2,191,1
2,192,0
2,193,1
2,194,0
2,195,1
2,196,1
2,197,1
2,198,1
2,199,0
2,200,1
3,1,1
3,2,0
3,3,1
3,4,0
3,5,0
3,7,0
3,8,1
3,9,1
3,10,1
3,11,0
3,12,1
3,13,0
3,14,0
3,15,1
3,16,0
3,17,0
3,18,1
3,19,0
3,20,1
3,21,1
3,6,0
3,22,0
3,23,1
3,24,0
3,25,0
3,26,1
3,27,1
3,28,0
3,29,1
3,30,1
3,31,1
3,32,1
3,33,0
3,34,1
3,35,1
3,36,0
3,37,1
3,38,1
3,39,1
3,77,1
3,40,0
3,41,0
3,42,0
3,43,1
3,149,0
3,44,0
3,45,0
3,46,0
3,47,1
3,48,1
3,49,0
3,51,0
3,50,0
3,52,0
3,53,0
3,54,1
3,55,0
3,56,0
3,57,0
3,58,1
3,59,0
3,60,0
3,61,0
3,62,0
3,63,0
3,64,0
3,65,0
3,66,0
3,67,0
3,68,0
3,69,1
3,70,1
3,71,1
3,72,0
3,73,0
3,74,0
3,75,0
3,76,0
3,78,0
3,79,0
3,80,1
3,81,1
3,82,0
3,83,0
3,84,0
3,85,1
3,86,1
3,87,1
3,88,0
3,89,0
3,90,1
3,91,0
3,92,0
3,93,0
3,94,0
3,95,1
3,96,0
3,97,0
3,98,0
3,99,0
3,100,1
3,101,0
3,102,0
3,103,0
3,104,1
3,105,1
3,106,0
3,107,0
3,108,0
3,109,0
3,110,1
3,111,0
3,112,0
3,113,0
3,114,1
3,115,0
3,116,1
3,117,1
3,119,0
3,121,1
3,118,1
3,120,1
3,122,1
3,123,0
3,124,0
3,125,0
3,126,0
3,127,0
3,128,0
3,129,0
3,130,1
3,131,0
3,132,0
3,133,0
3,134,0
3,135,0
3,136,0
3,137,1
3,138,0
3,140,1
3,141,0
3,142,1
3,143,0
3,144,0
3,146,0
3,145,0
3,147,1
3,148,1
3,150,0
3,151,1
3,152,0
3,153,1
3,154,1
3,155,0
3,156,1
3,157,0
3,158,0
3,159,0
3,160,0
3,161,0
3,139,0
3,162,0
3,163,0
3,164,0
3,165,0
3,166,0
3,167,0
3,168,0
3,169,0
3,170,1
3,171,0
3,172,0
3,173,0
3,174,0
3,175,0
3,178,0
3,176,0
3,177,1
3,179,0
3,180,0
3,181,0
3,182,1
3,183,0
3,184,1
3,185,0
3,186,0
3,187,1
3,188,1
3,189,0
3,190,0
3,191,0
3,192,0
3,193,1
3,194,0
3,195,1
3,196,1
3,197,0
3,198,1
3,199,1
3,200,1
4,1,1
4,2,0
4,3,1
4,4,0
4,5,0
4,7,0
4,8,1
4,9,0
4,10,0
4,11,0
4,12,0
4,13,0
4,14,0
4,15,1
4,16,0
4,17,0
4,18,0
4,19,0
4,20,1
4,21,1
4,6,0
4,22,0
4,23,1
4,24,0
4,25,0
4,26,1
4,27,0
4,28,0
4,29,1
4,30,0
4,31,1
4,32,0
4,33,0
4,34,1
4,35,1
4,36,0
4,37,1
4,38,1
4,39,0
4,77,1
4,40,0
4,41,0
4,42,0
4,43,1
4,149,0
4,44,0
4,45,0
4,46,0
4,47,1
4,48,1
4,49,0
4,51,0
4,50,0
4,52,0
4,53,0
4,54,1
4,55,0
4,56,0
4,57,0
4,58,1
4,59,0
4,60,0
4,61,0
4,62,0
4,63,0
4,64,0
4,65,0
4,66,0
4,67,0
4,68,0
4,69,1
4,70,1
4,71,1
4,72,0
4,73,0
4,74,0
4,75,0
4,76,0
4,78,0
4,79,0
4,80,0
4,81,1
4,82,0
4,83,0
4,84,0
4,85,0
4,86,1
4,87,0
4,88,0
4,89,0
4,90,1
4,91,0
4,92,0
4,93,0
4,94,0
4,95,1
4,96,0
4,97,0
4,98,0
4,99,0
4,100,1
4,101,0
4,102,0
4,103,0
4,104,0
4,105,0
4,106,0
4,107,0
4,108,0
4,109,0
4,110,0
4,111,0
4,112,0
4,113,0
4,114,0
4,115,0
4,116,0
4,117,0
4,119,0
4,121,1
4,118,1
4,120,1
4,122,1
4,123,0
4,124,0
4,125,0
4,126,0
4,127,0
4,128,0
4,129,0
4,130,0
4,131,0
4,132,0
4,133,0
4,134,0
4,135,0
4,136,0
4,137,1
4,138,0
4,140,1
4,141,0
4,142,1
4,143,0
4,144,0
4,146,0
4,145,0
4,147,1
4,148,1
4,150,0
4,151,1
4,152,0
4,153,1
4,154,0
4,155,0
4,156,0
4,157,0
4,158,0
4,159,0
4,160,0
4,161,0
4,139,0
4,162,0
4,163,0
4,164,0
4,165,0
4,166,0
4,167,0
4,168,0
4,169,0
4,170,0
4,171,0
4,172,0
4,173,0
4,174,0
4,175,0
4,178,0
4,176,0
4,177,1
4,179,0
4,180,0
4,181,0
4,182,1
4,183,0
4,184,0
4,185,0
4,186,0
4,187,1
4,188,1
4,189,0
4,190,0
4,191,0
4,192,0
4,193,1
4,194,0
4,195,1
4,196,1
4,197,0
4,198,1
4,199,1
4,200,1
5,1,1
5,2,0
5,3,1
5,4,0
5,5,0
5,8,1
5,7,1
5,9,1
5,10,1
5,11,0
5,12,1
5,13,0
5,14,0
5,15,1
5,16,1
5,17,0
5,18,1
5,19,0
5,20,0
5,21,1
5,6,0
5,22,0
5,23,1
5,24,0
5,25,1
5,26,1
5,27,1
5,28,0
5,29,1
5,30,1
5,31,1
5,32,1
5,33,0
5,34,1
5,35,1
5,36,0
5,37,1
5,38,1
5,39,1
5,77,1
5,40,0
5,41,0
5,42,1
5,43,1
5,149,0
5,44,1
5,45,0
5,46,1
5,47,1
5,48,1
5,49,0
5,51,0
5,50,0
5,52,0
5,53,0
5,54,1
5,55,0
5,56,0
5,57,0
5,58,1
5,59,1
5,60,0
5,61,0
5,62,0
5,63,0
5,64,1
5,65,0
5,66,0
5,67,0
5,68,1
5,69,1
5,70,1
5,71,1
5,72,0
5,73,0
5,74,0
5,75,0
5,76,0
5,78,0
5,79,0
5,80,1
5,81,1
5,82,0
5,83,1
5,84,1
5,85,0
5,86,1
5,87,1
5,88,1
5,89,1
5,90,1
5,91,0
5,92,0
5,93,0
5,94,0
5,95,1
5,96,1
5,97,1
5,98,0
5,99,0
5,100,1
5,101,0
5,102,0
5,103,1
5,104,1
5,105,1
5,106,0
5,107,1
5,108,1
5,109,0
5,110,1
5,111,1
5,112,1
5,113,0
5,114,1
5,115,0
5,116,1
5,117,1
5,119,1
5,121,1
5,118,1
5,120,1
5,122,1
5,123,0
5,124,0
5,125,0
5,126,1
5,127,1
5,128,0
5,129,0
5,130,0
5,131,1
5,132,0
5,133,0
5,134,0
5,135,0
5,136,0
5,137,1
5,138,0
5,140,1
5,141,0
5,142,1
5,143,1
5,144,0
5,146,0
5,145,0
5,147,1
5,148,1
5,150,0
5,151,1
5,152,0
5,153,1
5,154,1
5,155,0
5,156,1
5,157,1
5,158,0
5,159,0
5,160,0
5,161,0
5,139,0
5,162,0
5,163,0
5,164,0
5,165,0
5,166,0
5,167,0
5,168,0
5,169,0
5,170,1
5,171,0
5,172,0
5,173,1
5,174,1
5,175,0
5,178,0
5,176,1
5,177,1
5,179,0
5,180,0
5,181,0
5,182,1
5,183,0
5,184,1
5,185,0
5,186,0
5,187,1
5,188,1
5,189,0
5,190,0
5,191,1
5,192,0
5,193,1
5,194,0
5,195,1
5,196,1
5,197,1
5,198,1
5,199,1
5,200,1
6,1,1
6,2,0
6,3,1
6,4,0
6,5,0
6,7,1
6,8,1
6,9,1
6,10,1
6,11,0
6,12,1
6,13,0
6,14,0
6,15,1
6,16,1
6,17,0
6,18,1
6,19,0
6,20,1
6,21,1
6,6,0
6,22,0
6,23,1
6,24,0
6,25,1
6,26,1
6,27,1
6,28,0
6,29,1
6,30,1
6,31,1
6,32,1
6,33,0
6,34,1
6,35,1
6,36,0
6,37,1
6,38,1
6,39,1
6,77,1
6,40,0
6,41,0
6,42,1
6,43,1
6,149,0
6,44,1
6,45,0
6,46,1
6,47,1
6,48,1
6,49,0
6,51,0
6,50,0
6,52,0
6,53,0
6,54,1
6,55,0
6,56,0
6,57,0
6,58,1
6,59,1
6,60,0
6,61,0
6,62,0
6,63,0
6,64,1
6,65,0
6,66,0
6,67,0
6,68,1
6,69,1
6,70,1
6,71,1
6,72,0
6,73,0
6,74,0
6,75,0
6,76,0
6,78,0
6,79,0
6,80,1
6,81,1
6,82,0
6,83,1
6,84,1
6,85,1
6,86,1
6,87,1
6,88,1
6,89,1
6,90,1
6,91,0
6,92,0
6,93,0
6,94,0
6,95,1
6,96,1
6,97,1
6,98,0
6,99,0
6,100,1
6,101,0
6,102,0
6,103,1
6,104,1
6,105,1
6,106,0
6,107,1
6,108,1
6,109,0
6,110,1
6,111,1
6,112,1
6,113,0
6,114,1
6,115,0
6,116,1
6,117,1
6,119,1
6,121,1
6,118,1
6,120,1
6,122,1
6,123,0
6,124,0
6,125,0
6,126,1
6,127,1
6,128,0
6,129,0
6,130,1
6,131,1
6,132,0
6,133,0
6,134,0
6,135,0
6,136,0
6,137,1
6,138,0
6,140,1
6,141,0
6,142,1
6,143,1
6,144,0
6,146,0
6,145,0
6,147,1
6,148,1
6,150,0
6,151,1
6,152,0
6,153,1
6,154,1
6,155,0
6,156,1
6,157,1
6,158,1
6,159,0
6,160,0
6,161,0
6,139,0
6,162,0
6,163,0
6,164,0
6,165,0
6,166,0
6,167,0
6,168,0
6,169,0
6,170,1
6,171,0
6,172,0
6,173,1
6,174,1
6,175,0
6,178,0
6,176,1
6,177,1
6,179,0
6,180,0
6,181,0
6,182,1
6,183,0
6,184,1
6,185,1
6,186,0
6,187,1
6,188,1
6,189,0
6,190,0
6,191,1
6,192,0
6,193,1
6,194,0
6,195,1
6,196,1
6,197,1
6,198,1
6,199,1
6,200,1
7,1,1
7,2,0
7,3,1
7,4,0
7,5,0
7,7,0
7,8,1
7,9,1
7,10,1
7,12,1
7,11,0
7,13,0
7,14,0
7,15,1
7,16,1
7,17,0
7,18,1
7,19,0
7,20,1
7,21,1
7,6,0
7,22,0
7,23,1
7,24,0
7,25,0
7,26,1
7,27,1
7,28,0
7,29,1
7,30,1
7,31,1
7,32,1
7,33,0
7,34,1
7,35,1
7,36,0
7,37,1
7,38,1
7,39,1
7,77,1
7,40,0
7,41,0
7,42,0
7,43,1
7,149,0
7,44,0
7,45,0
7,46,1
7,47,1
7,48,1
7,49,0
7,51,0
7,50,0
7,52,0
7,53,0
7,54,1
7,55,0
7,56,0
7,57,0
7,58,1
7,59,0
7,60,0
7,61,0
7,62,0
7,63,0
7,64,0
7,65,0
7,66,0
7,67,0
7,68,0
7,69,1
7,70,1
7,71,1
7,72,0
7,73,0
7,74,0
7,75,0
7,76,0
7,78,0
7,79,0
7,80,1
7,81,1
7,82,0
7,83,0
7,84,1
7,85,1
7,86,1
7,87,1
7,88,1
7,89,1
7,90,1
7,91,0
7,92,0
7,93,0
7,94,0
7,95,1
7,96,1
7,97,1
7,98,0
7,99,0
7,100,1
7,101,0
7,102,0
7,103,0
7,104,1
7,105,1
7,106,0
7,107,0
7,108,1
7,109,0
7,110,1
7,111,1
7,112,1
7,113,0
7,114,1
7,115,0
7,116,1
7,117,1
7,119,1
7,121,1
7,118,1
7,120,1
7,122,1
7,123,0
7,124,0
7,125,0
7,126,0
7,127,1
7,128,0
7,129,0
7,130,1
7,131,1
7,132,0
7,133,0
7,134,0
7,135,0
7,136,0
7,137,1
7,138,0
7,140,1
7,141,0
7,142,1
7,143,0
7,144,0
7,146,0
7,145,0
7,147,1
7,148,1
7,150,0
7,151,1
7,152,0
7,153,1
7,154,1
7,155,0
7,156,1
7,157,1
7,158,1
7,159,0
7,160,0
7,161,0
7,139,0
7,162,0
7,163,0
7,164,0
7,165,0
7,166,0
7,167,0
7,168,0
7,169,0
7,170,1
7,171,0
7,172,0
7,173,1
7,174,1
7,175,0
7,178,0
7,176,1
7,177,1
7,179,0
7,180,0
7,181,0
7,182,1
7,183,0
7,184,1
7,185,1
7,186,0
7,187,1
7,188,1
7,189,0
7,190,0
7,191,1
7,192,0
7,193,1
7,194,0
7,195,1
7,196,1
7,197,1
7,198,1
7,199,1
7,200,1
8,1,0
8,2,1
8,3,0
8,4,1
8,5,0
8,7,1
8,8,0
8,9,1
8,10,0
8,12,1
8,11,1
8,13,1
8,14,0
8,15,0
8,16,1
8,17,0
8,18,1
8,19,0
8,20,0
8,21,0
8,6,1
8,22,1
8,23,0
8,24,0
8,25,1
8,26,0
8,27,1
8,28,0
8,29,0
8,30,1
8,31,0
8,32,1
8,33,0
8,34,1
8,35,0
8,36,1
8,37,0
8,38,0
8,39,1
8,77,0
8,40,0
8,41,1
8,42,1
8,43,0
8,149,1
8,44,1
8,45,1
8,46,1
8,47,0
8,48,0
8,49,0
8,51,1
8,50,0
8,52,0
8,53,0
8,54,0
8,55,0
8,56,1
8,57,0
8,58,0
8,59,1
8,60,0
8,61,0
8,62,0
8,63,0
8,64,1
8,65,0
8,66,0
8,67,0
8,68,1
8,69,0
8,70,0
8,71,0
8,72,0
8,73,0
8,74,0
8,75,1
8,76,0
8,78,1
8,79,0
8,80,1
8,81,1
8,82,0
8,83,1
8,84,1
8,85,0
8,86,0
8,87,1
8,88,1
8,89,1
8,90,1
8,91,1
8,92,0
8,93,1
8,94,0
8,95,1
8,96,1
8,97,1
8,98,0
8,99,0
8,100,1
8,101,1
8,102,1
8,103,1
8,104,1
8,105,1
8,106,0
8,107,1
8,108,1
8,109,0
8,110,0
8,111,0
8,112,1
8,113,0
8,114,1
8,115,0
8,116,1
8,117,1
8,119,1
8,121,0
8,118,0
8,120,0
8,122,0
8,123,0
8,124,0
8,125,0
8,126,1
8,127,1
8,128,0
8,129,0
8,130,0
8,131,1
8,132,0
8,133,0
8,134,0
8,135,1
8,136,0
8,137,0
8,138,0
8,140,0
8,141,0
8,142,0
8,143,1
8,144,0
8,146,0
8,145,0
8,147,0
8,148,0
8,150,0
8,151,0
8,152,0
8,153,0
8,154,1
8,155,0
8,156,1
8,157,0
8,158,0
8,159,0
8,160,0
8,161,0
8,139,1
8,162,1
8,163,0
8,164,0
8,165,0
8,166,0
8,167,0
8,168,0
8,169,0
8,170,0
8,171,0
8,172,0
8,173,1
8,174,1
8,175,0
8,178,0
8,176,1
8,177,0
8,179,0
8,180,0
8,181,0
8,182,0
8,183,0
8,184,1
8,185,0
8,186,0
8,187,0
8,188,0
8,189,0
8,190,1
8,191,1
8,192,0
8,193,0
8,194,0
8,195,0
8,196,0
8,197,1
8,198,0
8,199,0
8,200,0
9,1,0
9,2,1
9,3,0
9,4,1
9,5,1
9,7,1
9,8,0
9,9,0
9,10,0
9,11,1
9,12,0
9,13,1
9,14,1
9,15,0
9,16,0
9,17,0
9,18,0
9,19,1
9,20,0
9,21,0
9,6,1
9,22,0
9,23,0
9,24,0
9,25,1
9,26,0
9,27,1
9,28,1
9,29,0
9,30,0
9,31,0
9,32,0
9,33,1
9,34,0
9,35,0
9,36,1
9,37,0
9,38,0
9,39,0
9,77,0
9,40,1
9,41,0
9,42,1
9,43,0
9,149,1
9,44,1
9,45,1
9,46,1
9,47,0
9,48,0
9,49,1
9,51,1
9,50,0
9,52,1
9,53,0
9,54,0
9,55,1
9,56,1
9,57,0
9,58,0
9,59,1
9,60,0
9,61,1
9,62,1
9,63,1
9,64,1
9,65,1
9,66,1
9,67,1
9,68,1
9,69,0
9,70,0
9,71,0
9,72,0
9,73,1
9,74,0
9,75,1
9,76,0
9,78,0
9,79,1
9,80,0
9,81,0
9,82,1
9,83,1
9,84,0
9,85,0
9,86,0
9,87,0
9,88,1
9,89,1
9,90,0
9,91,1
9,92,1
9,93,0
9,94,1
9,95,0
9,96,1
9,97,1
9,98,1
9,99,1
9,100,0
9,101,1
9,102,0
9,103,1
9,104,1
9,105,0
9,106,1
9,107,1
9,108,0
9,109,0
9,110,0
9,111,1
9,112,0
9,113,0
9,114,0
9,115,1
9,116,0
9,117,0
9,119,0
9,121,0
9,118,0
9,120,0
9,122,0
9,123,1
9,124,0
9,125,1
9,126,1
9,127,1
9,128,1
9,129,1
9,130,0
9,131,1
9,132,0
9,133,1
9,134,1
9,135,0
9,136,1
9,137,0
9,138,0
9,140,0
9,141,1
9,142,0
9,143,1
9,144,1
9,146,0
9,145,0
9,147,0
9,148,0
9,150,1
9,151,0
9,152,1
9,153,0
9,154,1
9,155,0
9,156,1
9,157,1
9,158,0
9,159,0
9,160,0
9,161,1
9,139,1
9,162,1
9,163,1
9,164,1
9,165,0
9,166,0
9,167,1
9,168,1
9,169,0
9,170,0
9,171,1
9,172,0
9,173,1
9,174,1
9,175,1
9,178,1
9,176,1
9,177,0
9,179,0
9,180,0
9,181,1
9,182,0
9,183,0
9,184,0
9,185,0
9,186,1
9,187,0
9,188,0
9,189,1
9,190,1
9,191,1
9,192,0
9,193,0
9,194,1
9,195,0
9,196,0
9,197,1
9,198,0
9,199,0
9,200,0
10,1,1
10,2,0
10,3,1
10,4,0
10,5,0
10,7,1
10,8,1
10,9,1
10,10,1
10,12,1
10,11,0
10,13,0
10,14,0
10,15,1
10,16,1
10,17,0
10,18,1
10,19,0
10,20,1
10,21,1
10,6,0
10,22,0
10,23,1
10,24,0
10,25,1
10,26,1
10,27,1
10,28,0
10,29,1
10,30,1
10,31,1
10,32,1
10,33,0
10,34,1
10,35,1
10,36,0
10,37,1
10,38,1
10,39,1
10,77,1
10,40,0
10,41,0
10,42,1
10,43,1
10,149,0
10,44,1
10,45,0
10,46,1
10,47,1
10,48,1
10,49,0
10,51,0
10,50,0
10,52,0
10,53,0
10,54,1
10,55,0
10,56,0
10,57,0
10,58,1
10,59,1
10,60,0
10,61,0
10,62,0
10,63,0
10,64,1
10,65,0
10,66,0
10,67,0
10,68,1
10,69,1
10,70,1
10,71,1
10,72,0
10,73,0
10,74,0
10,75,0
10,76,0
10,78,0
10,79,0
10,80,1
10,81,1
10,82,0
10,83,1
10,84,1
10,85,1
10,86,1
10,87,1
10,88,1
10,89,1
10,90,1
10,91,0
10,92,0
10,93,0
10,94,0
10,95,1
10,96,1
10,97,1
10,98,0
10,99,0
10,100,1
10,101,0
10,102,0
10,103,1
10,104,1
10,105,1
10,106,0
10,107,1
10,108,1
10,109,0
10,110,1
10,111,1
10,112,1
10,113,0
10,114,1
10,115,0
10,116,1
10,117,1
10,119,1
10,121,1
10,118,1
10,120,1
10,122,1
10,123,0
10,124,0
10,125,0
10,126,1
10,127,1
10,128,0
10,129,0
10,130,1
10,131,1
10,132,0
10,133,0
10,134,0
10,135,0
10,136,0
10,137,1
10,138,0
10,140,1
10,141,0
10,142,1
10,143,1
10,144,0
10,146,0
10,145,0
10,147,1
10,148,1
10,150,0
10,151,1
10,152,0
10,153,1
10,154,1
10,155,0
10,156,1
10,157,1
10,158,0
10,159,0
10,160,0
10,161,0
10,139,0
10,162,0
10,163,0
10,164,0
10,165,0
10,166,0
10,167,0
10,168,0
10,169,0
10,170,1
10,171,0
10,172,0
10,173,1
10,174,1
10,175,0
10,178,0
10,176,1
10,177,1
10,179,0
10,180,0
10,181,0
10,182,1
10,183,0
10,184,1
10,185,1
10,186,0
10,187,1
10,188,1
10,189,0
10,190,0
10,191,1
10,192,0
10,193,1
10,194,0
10,195,1
10,196,1
10,197,1
10,198,1
10,199,1
10,200,1
11,1,1
11,2,0
11,3,1
11,4,0
11,5,0
11,7,0
11,8,1
11,9,1
11,10,1
11,11,0
11,12,0
11,13,0
11,14,0
11,15,1
11,16,1
11,17,0
11,18,1
11,19,0
11,20,0
11,21,0
11,6,0
11,22,0
11,23,0
11,24,1
11,25,0
11,26,1
11,27,0
11,28,0
11,29,1
11,30,1
11,31,1
11,32,0
11,33,0
11,34,1
11,35,1
11,36,0
11,37,1
11,38,1
11,39,1
11,77,0
11,40,0
11,41,0
11,42,0
11,43,1
11,149,0
11,44,0
11,45,0
11,46,0
11,47,1
11,48,1
11,49,0
11,51,0
11,50,0
11,52,0
11,53,0
11,54,1
11,55,0
11,56,0
11,57,1
11,58,1
11,59,0
11,60,0
11,61,0
11,62,0
11,63,0
11,64,0
11,65,0
11,66,0
11,67,0
11,68,0
11,69,0
11,70,1
11,71,1
11,72,0
11,73,0
11,74,1
11,75,0
11,76,1
11,78,1
11,79,0
11,80,1
11,81,1
11,82,0
11,83,0
11,84,1
11,85,1
11,86,1
11,87,0
11,88,0
11,89,0
11,90,1
11,91,0
11,92,0
11,93,0
11,94,0
11,95,1
11,96,0
11,97,1
11,98,0
11,99,0
11,100,1
11,101,0
11,102,0
11,103,0
11,104,0
11,105,1
11,106,0
11,107,0
11,108,1
11,109,1
11,110,0
11,111,0
11,112,1
11,113,0
11,114,1
11,115,0
11,116,0
11,117,1
11,119,1
11,121,1
11,118,1
11,120,1
11,122,1
11,123,0
11,124,0
11,125,0
11,126,0
11,127,0
11,128,0
11,129,0
11,130,1
11,131,0
11,132,0
11,133,0
11,134,0
11,135,1
11,136,0
11,137,1
11,138,1
11,140,1
11,141,0
11,142,1
11,143,0
11,144,0
11,146,1
11,145,0
11,147,0
11,148,1
11,150,0
11,151,1
11,152,0
11,153,0
11,154,0
11,155,0
11,156,1
11,157,0
11,158,1
11,159,0
11,160,0
11,161,0
11,139,0
11,162,0
11,163,0
11,164,0
11,165,0
11,166,0
11,167,0
11,168,0
11,169,0
11,170,1
11,171,0
11,172,0
11,173,1
11,174,0
11,175,0
11,178,0
11,176,1
11,177,0
11,179,0
11,180,0
11,181,0
11,182,0
11,183,0
11,184,1
11,185,1
11,186,0
11,187,1
11,188,1
11,189,0
11,190,0
11,191,0
11,192,0
11,193,1
11,194,0
11,195,1
11,196,1
11,197,0
11,198,1
11,199,0
11,200,0
12,1,1
12,2,1
12,3,0
12,4,1
12,5,0
12,8,0
12,7,1
12,9,1
12,10,1
12,12,1
12,11,1
12,13,1
12,14,0
12,15,0
12,16,1
12,17,0
12,18,1
12,19,0
12,20,0
12,21,0
12,6,1
12,22,0
12,23,0
12,24,0
12,25,1
12,26,0
12,27,1
12,28,0
12,29,1
12,30,1
12,31,0
12,32,1
12,33,0
12,34,1
12,35,1
12,36,1
12,37,1
12,38,1
12,39,1
12,77,0
12,40,0
12,41,1
12,42,1
12,43,1
12,149,1
12,44,1
12,45,1
12,46,1
12,47,1
12,48,0
12,49,0
12,51,1
12,50,0
12,52,0
12,53,0
12,54,0
12,55,0
12,56,1
12,57,0
12,58,1
12,59,1
12,60,0
12,61,0
12,62,0
12,63,0
12,64,1
12,65,0
12,66,0
12,67,0
12,68,1
12,69,1
12,70,1
12,71,0
12,72,0
12,73,0
12,74,0
12,75,1
12,76,0
12,78,1
12,79,0
12,80,1
12,81,1
12,82,0
12,83,1
12,84,1
12,85,0
12,86,0
12,87,1
12,88,1
12,89,1
12,90,1
12,91,1
12,92,0
12,93,1
12,94,0
12,95,1
12,96,1
12,97,1
12,98,0
12,99,0
12,100,1
12,101,1
12,102,0
12,103,1
12,104,1
12,105,1
12,106,0
12,107,1
12,108,1
12,109,0
12,110,1
12,111,1
12,112,1
12,113,0
12,114,1
12,115,0
12,116,1
12,117,1
12,119,1
12,121,0
12,118,0
12,120,0
12,122,0
12,123,0
12,124,0
12,125,0
12,126,1
12,127,1
12,128,0
12,129,0
12,130,0
12,131,1
12,132,0
12,133,0
12,134,0
12,135,1
12,136,0
12,137,0
12,138,0
12,140,0
12,141,0
12,142,1
12,143,1
12,144,0
12,146,0
12,145,0
12,147,0
12,148,0
12,150,0
12,151,0
12,152,0
12,153,0
12,154,1
12,155,0
12,156,1
12,157,1
12,158,0
12,159,0
12,160,0
12,161,0
12,139,1
12,162,1
12,163,0
12,164,0
12,165,0
12,166,0
12,167,0
12,168,0
12,169,0
12,170,0
12,171,0
12,172,0
12,173,1
12,174,1
12,175,0
12,178,0
12,176,1
12,177,0
12,179,0
12,180,0
12,181,0
12,182,0
12,183,0
12,184,1
12,185,0
12,186,0
12,187,1
12,188,0
12,189,0
12,190,0
12,191,1
12,192,0
12,193,0
12,194,0
12,195,1
12,196,0
12,197,1
12,198,1
12,199,0
12,200,0
13,1,0
13,2,1
13,3,0
13,4,1
13,5,1
13,7,0
13,8,0
13,9,0
13,10,0
13,11,1
13,12,0
13,13,0
13,14,1
13,15,0
13,16,0
13,17,0
13,18,0
13,19,1
13,20,0
13,21,0
13,6,1
13,22,0
13,23,0
13,24,0
13,25,0
13,26,0
13,27,0
13,28,1
13,29,0
13,30,0
13,31,0
13,32,0
13,33,1
13,34,0
13,35,0
13,36,1
13,37,0
13,38,0
13,39,0
13,77,0
13,40,1
13,41,0
13,42,0
13,43,0
13,149,0
13,44,0
13,45,1
13,46,0
13,47,0
13,48,0
13,49,1
13,51,1
13,50,1
13,52,1
13,53,1
13,54,0
13,55,1
13,56,1
13,57,0
13,58,0
13,59,0
13,60,1
13,61,1
13,62,1
13,63,1
13,64,0
13,65,1
13,66,1
13,67,1
13,68,0
13,69,0
13,70,0
13,71,0
13,72,1
13,73,1
13,74,0
13,75,1
13,76,0
13,78,0
13,79,1
13,80,0
13,81,0
13,82,1
13,83,0
13,84,0
13,85,0
13,86,0
13,87,0
13,88,0
13,89,0
13,90,0
13,91,1
13,92,1
13,93,0
13,94,1
13,95,0
13,96,0
13,97,0
13,98,1
13,99,1
13,100,0
13,101,1
13,102,0
13,103,0
13,104,0
13,105,0
13,106,1
13,107,0
13,108,0
13,109,0
13,110,0
13,111,0
13,112,0
13,113,1
13,114,0
13,115,1
13,116,0
13,117,0
13,119,0
13,121,0
13,118,0
13,120,0
13,122,0
13,123,1
13,124,1
13,125,1
13,126,0
13,127,0
13,128,1
13,129,1
13,130,0
13,131,0
13,132,1
13,133,1
13,134,1
13,135,0
13,136,1
13,137,0
13,138,0
13,140,0
13,141,1
13,142,0
13,143,0
13,144,1
13,146,0
13,145,1
13,147,0
13,148,0
13,150,1
13,151,0
13,152,1
13,153,0
13,154,0
13,155,1
13,156,0
13,157,0
13,158,0
13,159,1
13,160,1
13,161,1
13,139,0
13,162,0
13,163,1
13,164,1
13,165,1
13,166,1
13,167,1
13,168,1
13,169,1
13,170,0
13,171,1
13,172,0
13,173,0
13,174,0
13,175,1
13,178,1
13,176,0
13,177,0
13,179,1
13,180,1
13,181,1
13,182,0
13,183,0
13,184,0
13,185,0
13,186,1
13,187,0
13,188,0
13,189,1
13,190,1
13,191,0
13,192,1
13,193,0
13,194,1
13,195,0
13,196,0
13,197,0
13,198,0
13,199,0
13,200,0
14,1,0
14,2,1
14,3,0
14,4,0
14,5,1
14,7,0
14,8,0
14,9,0
14,10,0
14,11,1
14,12,0
14,13,0
14,14,1
14,15,0
14,16,0
14,17,0
14,18,0
14,19,1
14,20,0
14,21,0
14,6,0
14,22,0
14,23,0
14,24,0
14,25,0
14,26,0
14,27,0
14,28,1
14,29,0
14,30,0
14,31,0
14,32,0
14,33,1
14,34,0
14,35,0
14,36,1
14,37,0
14,38,0
14,39,0
14,77,0
14,40,1
14,41,0
14,42,0
14,43,0
14,149,0
14,44,0
14,45,1
14,46,0
14,47,0
14,48,0
14,49,1
14,51,1
14,50,1
14,52,1
14,53,1
14,54,0
14,55,1
14,56,0
14,57,0
14,58,0
14,59,0
14,60,1
14,61,1
14,62,1
14,63,1
14,64,0
14,65,1
14,66,1
14,67,1
14,68,0
14,69,0
14,70,0
14,71,0
14,72,1
14,73,1
14,74,0
14,75,1
14,76,0
14,78,0
14,79,1
14,80,0
14,81,0
14,82,1
14,83,0
14,84,0
14,85,0
14,86,0
14,87,0
14,88,0
14,89,0
14,90,0
14,91,1
14,92,1
14,93,0
14,94,1
14,95,0
14,96,0
14,97,0
14,98,1
14,99,1
14,100,0
14,101,0
14,102,0
14,103,0
14,104,0
14,105,0
14,106,1
14,107,0
14,108,0
14,109,0
14,110,0
14,111,0
14,112,0
14,113,1
14,114,0
14,115,1
14,116,0
14,117,0
14,119,0
14,121,0
14,118,0
14,120,0
14,122,0
14,123,1
14,124,1
14,125,1
14,126,0
14,127,0
14,128,1
14,129,1
14,130,0
14,131,0
14,132,1
14,133,1
14,134,1
14,135,0
14,136,1
14,137,0
14,138,0
14,140,0
14,141,1
14,142,0
14,143,0
14,144,1
14,146,0
14,145,1
14,147,0
14,148,0
14,150,1
14,151,0
14,152,1
14,153,0
14,154,0
14,155,1
14,156,0
14,157,0
14,158,0
14,159,1
14,160,1
14,161,1
14,139,0
14,162,0
14,163,1
14,164,1
14,165,1
14,166,1
14,167,1
14,168,1
14,169,1
14,170,0
14,171,1
14,172,0
14,173,0
14,174,0
14,175,0
14,178,1
14,176,0
14,177,0
14,179,1
14,180,1
14,181,1
14,182,0
14,183,0
14,184,0
14,185,0
14,186,1
14,187,0
14,188,0
14,189,1
14,190,1
14,191,0
14,192,1
14,193,0
14,194,1
14,195,0
14,196,0
14,197,0
14,198,0
14,199,0
14,200,0
26,1,0
26,2,1
26,3,0
26,4,1
26,5,0
26,7,1
26,8,0
26,9,0
26,10,0
26,11,1
26,12,0
26,13,1
26,14,0
26,15,0
26,16,1
26,17,0
26,18,0
26,19,0
26,20,0
26,21,0
26,6,1
26,22,1
26,23,0
26,24,0
26,25,1
26,26,0
26,27,1
26,28,1
26,29,0
26,30,0
26,31,0
26,32,0
26,33,0
26,34,0
26,35,0
26,36,1
26,37,0
26,38,0
26,39,0
26,77,0
26,40,0
26,41,1
26,42,1
26,43,0
26,149,1
26,44,1
26,45,1
26,46,1
26,47,0
26,48,0
26,49,0
26,51,1
26,50,0
26,52,0
26,53,0
26,54,0
26,55,0
26,56,1
26,57,0
26,58,0
26,59,1
26,60,0
26,61,0
26,62,0
26,63,0
26,64,1
26,65,1
26,66,1
26,67,0
26,68,1
26,69,0
26,70,0
26,71,0
26,72,0
26,73,1
26,74,0
26,75,1
26,76,0
26,78,1
26,79,0
26,80,0
26,81,0
26,82,0
26,83,1
26,84,1
26,85,0
26,86,0
26,87,0
26,88,1
26,89,1
26,90,0
26,91,1
26,92,0
26,93,1
26,94,1
26,95,0
26,96,1
26,97,1
26,98,0
26,99,0
26,100,0
26,101,1
26,102,1
26,103,1
26,104,0
26,105,1
26,106,1
26,107,1
26,108,1
26,109,0
26,110,0
26,111,0
26,112,1
26,113,0
26,114,0
26,115,0
26,116,0
26,117,0
26,119,1
26,121,0
26,118,0
26,120,0
26,122,0
26,123,1
26,124,0
26,125,0
26,126,1
26,127,1
26,128,0
26,129,0
26,130,0
26,131,1
26,132,0
26,133,0
26,134,1
26,135,1
26,136,0
26,137,0
26,138,0
26,140,0
26,141,1
26,142,0
26,143,1
26,144,0
26,146,0
26,145,0
26,147,0
26,148,0
26,150,0
26,151,0
26,152,0
26,153,0
26,154,0
26,155,0
26,156,1
26,157,0
26,158,0
26,159,0
26,160,0
26,161,1
26,139,1
26,162,1
26,163,0
26,164,0
26,165,0
26,166,0
26,167,0
26,168,0
26,169,0
26,170,0
26,171,1
26,172,0
26,173,1
26,174,1
26,175,0
26,178,1
26,176,1
26,177,0
26,179,0
26,180,0
26,181,1
26,182,0
26,183,0
26,184,0
26,185,0
26,186,1
26,187,0
26,188,0
26,189,0
26,190,1
26,191,1
26,192,0
26,193,0
26,194,0
26,195,0
26,196,0
26,197,1
26,198,0
26,199,0
26,200,0
15,1,1
15,2,0
15,3,1
15,4,1
15,5,0
15,7,1
15,8,1
15,9,1
15,10,1
15,12,1
15,11,0
15,13,1
15,14,0
15,15,1
15,16,1
15,17,0
15,18,1
15,19,0
15,20,0
15,21,0
15,6,1
15,22,1
15,23,1
15,24,1
15,25,1
15,26,1
15,27,1
15,28,0
15,29,1
15,30,1
15,31,1
15,32,1
15,33,0
15,34,1
15,35,1
15,36,0
15,37,1
15,38,1
15,39,1
15,77,0
15,40,0
15,41,1
15,42,1
15,43,1
15,149,1
15,44,1
15,45,0
15,46,1
15,47,1
15,48,1
15,49,0
15,51,0
15,50,0
15,52,0
15,53,0
15,54,1
15,55,0
15,56,0
15,57,1
15,58,1
15,59,1
15,60,0
15,61,0
15,62,0
15,63,0
15,64,1
15,65,0
15,66,0
15,67,0
15,68,1
15,69,1
15,70,1
15,71,1
15,72,0
15,73,0
15,74,0
15,75,0
15,76,0
15,78,1
15,79,0
15,80,1
15,81,1
15,82,0
15,83,1
15,84,1
15,85,1
15,86,0
15,87,1
15,88,1
15,89,1
15,90,1
15,91,0
15,92,0
15,93,1
15,94,0
15,95,1
15,96,1
15,97,1
15,98,0
15,99,0
15,100,1
15,101,1
15,102,1
15,103,1
15,104,1
15,105,1
15,106,0
15,107,1
15,108,1
15,109,0
15,110,1
15,111,1
15,112,1
15,113,0
15,114,1
15,115,0
15,116,1
15,117,1
15,119,1
15,121,0
15,118,0
15,120,1
15,122,1
15,123,0
15,124,0
15,125,0
15,126,1
15,127,1
15,128,0
15,129,0
15,130,1
15,131,1
15,132,0
15,133,0
15,134,0
15,135,1
15,136,0
15,137,0
15,138,1
15,140,0
15,141,0
15,142,1
15,143,1
15,144,0
15,146,1
15,145,0
15,147,0
15,148,1
15,150,0
15,151,1
15,152,0
15,153,0
15,154,1
15,155,0
15,156,1
15,157,1
15,158,1
15,159,0
15,160,0
15,161,0
15,139,1
15,162,1
15,163,0
15,164,0
15,165,0
15,166,0
15,167,0
15,168,0
15,169,0
15,170,1
15,171,0
15,172,0
15,173,1
15,174,1
15,175,0
15,178,0
15,176,1
15,177,0
15,179,0
15,180,0
15,181,0
15,182,0
15,183,0
15,184,1
15,185,1
15,186,0
15,187,1
15,188,0
15,189,0
15,190,0
15,191,1
15,192,0
15,193,1
15,194,0
15,195,1
15,196,1
15,197,1
15,198,1
15,199,0
15,200,0
16,1,1
16,2,0
16,3,0
16,4,1
16,5,0
16,8,0
16,7,0
16,9,0
16,10,0
16,12,1
16,11,1
16,13,0
16,14,0
16,15,0
16,16,0
16,17,0
16,18,0
16,19,0
16,20,0
16,21,0
16,6,0
16,22,0
16,23,1
16,24,0
16,25,0
16,26,0
16,27,1
16,28,0
16,29,0
16,30,1
16,31,0
16,32,1
16,33,0
16,34,1
16,35,1
16,36,1
16,37,0
16,38,1
16,39,0
16,77,0
16,40,0
16,41,0
16,42,0
16,43,1
16,149,0
16,44,1
16,45,1
16,46,1
16,47,1
16,48,0
16,49,0
16,51,0
16,50,0
16,52,0
16,53,0
16,54,0
16,55,0
16,56,1
16,57,0
16,58,1
16,59,0
16,60,0
16,61,0
16,62,0
16,63,0
16,64,0
16,65,0
16,66,0
16,67,0
16,68,0
16,69,1
16,70,0
16,71,0
16,72,0
16,73,0
16,74,0
16,75,1
16,76,0
16,78,0
16,79,0
16,80,1
16,81,1
16,82,0
16,83,0
16,84,0
16,85,0
16,86,0
16,87,1
16,88,1
16,89,1
16,90,1
16,91,1
16,92,0
16,93,0
16,94,0
16,95,1
16,96,1
16,97,1
16,98,0
16,99,0
16,100,1
16,101,0
16,102,0
16,103,1
16,104,1
16,105,1
16,106,0
16,107,0
16,108,0
16,109,0
16,110,1
16,111,1
16,112,0
16,113,0
16,114,0
16,115,0
16,116,1
16,117,1
16,119,0
16,121,0
16,118,0
16,120,0
16,122,0
16,123,0
16,124,0
16,125,0
16,126,1
16,127,1
16,128,0
16,129,0
16,130,0
16,131,1
16,132,0
16,133,0
16,134,0
16,135,0
16,136,0
16,137,0
16,138,0
16,140,0
16,141,0
16,142,1
16,143,1
16,144,0
16,146,0
16,145,0
16,147,0
16,148,0
16,150,0
16,151,0
16,152,0
16,153,1
16,154,1
16,155,0
16,156,1
16,157,1
16,158,0
16,159,0
16,160,0
16,161,0
16,139,0
16,162,0
16,163,0
16,164,0
16,165,0
16,166,0
16,167,0
16,168,0
16,169,0
16,170,0
16,171,0
16,172,0
16,173,0
16,174,1
16,175,0
16,178,0
16,176,1
16,177,0
16,179,0
16,180,0
16,181,0
16,182,0
16,183,0
16,184,0
16,185,0
16,186,0
16,187,1
16,188,0
16,189,0
16,190,0
16,191,1
16,192,0
16,193,0
16,194,0
16,195,1
16,196,0
16,197,1
16,198,0
16,199,0
16,200,0
17,1,1
17,2,0
17,3,1
17,4,1
17,5,0
17,7,1
17,8,1
17,9,1
17,10,1
17,11,0
17,12,1
17,13,1
17,14,0
17,15,1
17,16,1
17,17,0
17,18,1
17,19,0
17,20,0
17,21,1
17,6,0
17,22,0
17,23,1
17,24,1
17,25,1
17,26,1
17,27,1
17,28,0
17,29,1
17,30,1
17,31,1
17,32,1
17,33,0
17,34,1
17,35,1
17,36,0
17,37,1
17,38,1
17,39,1
17,77,0
17,40,0
17,41,1
17,42,1
17,43,1
17,149,0
17,44,1
17,45,0
17,46,1
17,47,1
17,48,1
17,49,0
17,51,0
17,50,0
17,52,0
17,53,0
17,54,1
17,55,0
17,56,0
17,57,1
17,58,1
17,59,1
17,60,0
17,61,0
17,62,0
17,63,0
17,64,1
17,65,0
17,66,0
17,67,0
17,68,1
17,69,1
17,70,1
17,71,1
17,72,0
17,73,0
17,74,1
17,75,0
17,76,1
17,78,1
17,79,0
17,80,1
17,81,1
17,82,0
17,83,1
17,84,1
17,85,1
17,86,1
17,87,1
17,88,1
17,89,1
17,90,1
17,91,0
17,92,0
17,93,0
17,94,0
17,95,1
17,96,1
17,97,1
17,98,0
17,99,0
17,100,1
17,101,0
17,102,0
17,103,1
17,104,1
17,105,1
17,106,0
17,107,1
17,108,1
17,109,1
17,110,1
17,111,1
17,112,1
17,113,0
17,114,1
17,115,0
17,116,1
17,117,1
17,119,1
17,121,1
17,118,1
17,120,1
17,122,1
17,123,0
17,124,0
17,125,0
17,126,1
17,127,1
17,128,0
17,129,0
17,130,1
17,131,1
17,132,0
17,133,0
17,134,0
17,135,1
17,136,0
17,137,1
17,138,1
17,140,1
17,141,0
17,142,1
17,143,1
17,144,0
17,146,1
17,145,0
17,147,0
17,148,1
17,150,0
17,151,1
17,152,0
17,153,1
17,154,1
17,155,0
17,156,1
17,157,1
17,158,1
17,159,0
17,160,0
17,161,0
17,139,0
17,162,1
17,163,0
17,164,0
17,165,0
17,166,0
17,167,0
17,168,0
17,169,0
17,170,1
17,171,0
17,172,0
17,173,1
17,174,1
17,175,0
17,178,0
17,176,1
17,177,0
17,179,0
17,180,0
17,181,0
17,182,1
17,183,0
17,184,1
17,185,1
17,186,0
17,187,1
17,188,1
17,189,0
17,190,0
17,191,1
17,192,0
17,193,1
17,194,0
17,195,1
17,196,1
17,197,1
17,198,1
17,199,0
17,200,1
18,1,0
18,2,0
18,3,0
18,4,1
18,5,0
18,8,0
18,7,1
18,9,1
18,10,1
18,11,0
18,12,1
18,13,1
18,14,0
18,15,0
18,16,1
18,17,0
18,18,1
18,19,0
18,20,0
18,21,0
18,6,1
18,22,1
18,23,0
18,24,1
18,25,1
18,26,1
18,27,1
18,28,0
18,29,1
18,30,1
18,31,0
18,32,1
18,33,0
18,34,1
18,35,0
18,36,0
18,37,1
18,38,1
18,39,1
18,77,0
18,40,0
18,41,1
18,42,1
18,43,1
18,149,1
18,44,1
18,45,0
18,46,1
18,47,0
18,48,1
18,49,0
18,51,0
18,50,0
18,52,0
18,53,0
18,54,1
18,55,0
18,56,0
18,57,1
18,58,1
18,59,1
18,60,0
18,61,0
18,62,0
18,63,0
18,64,1
18,65,0
18,66,0
18,67,0
18,68,1
18,69,0
18,70,1
18,71,0
18,72,0
18,73,0
18,74,1
18,75,0
18,76,1
18,78,1
18,79,0
18,80,1
18,81,1
18,82,0
18,83,1
18,84,1
18,85,1
18,86,0
18,87,1
18,88,1
18,89,1
18,90,1
18,91,0
18,92,0
18,93,1
18,94,0
18,95,1
18,96,1
18,97,1
18,98,0
18,99,0
18,100,1
18,101,1
18,102,1
18,103,1
18,104,0
18,105,1
18,106,0
18,107,1
18,108,1
18,109,1
18,110,0
18,111,0
18,112,1
18,113,0
18,114,1
18,115,0
18,116,1
18,117,1
18,119,1
18,121,0
18,118,0
18,120,0
18,122,0
18,123,0
18,124,0
18,125,0
18,126,1
18,127,1
18,128,0
18,129,0
18,130,1
18,131,1
18,132,0
18,133,0
18,134,0
18,135,1
18,136,0
18,137,0
18,138,1
18,140,0
18,141,0
18,142,0
18,143,1
18,144,0
18,146,1
18,145,0
18,147,0
18,148,1
18,150,0
18,151,0
18,152,0
18,153,0
18,154,0
18,155,0
18,156,1
18,157,0
18,158,1
18,159,0
18,160,0
18,161,0
18,139,1
18,162,1
18,163,0
18,164,0
18,165,0
18,166,0
18,167,0
18,168,0
18,169,0
18,170,1
18,171,0
18,172,0
18,173,1
18,174,0
18,175,0
18,178,0
18,176,1
18,177,0
18,179,0
18,180,0
18,181,0
18,182,0
18,183,0
18,184,1
18,185,1
18,186,0
18,187,0
18,188,0
18,189,0
18,190,0
18,191,1
18,192,0
18,193,0
18,194,0
18,195,0
18,196,0
18,197,1
18,198,1
18,199,0
18,200,0
19,1,0
19,2,1
19,3,0
19,4,1
19,5,1
19,7,0
19,8,0
19,9,0
19,10,0
19,11,1
19,12,0
19,13,0
19,14,1
19,15,0
19,16,0
19,17,0
19,18,0
19,19,1
19,20,0
19,21,0
19,6,1
19,22,0
19,23,0
19,24,0
19,25,0
19,26,0
19,27,0
19,28,1
19,29,0
19,30,0
19,31,0
19,32,0
19,33,1
19,34,0
19,35,0
19,36,1
19,37,0
19,38,0
19,39,0
19,77,0
19,40,1
19,41,0
19,42,0
19,43,0
19,149,1
19,44,0
19,45,1
19,46,0
19,47,0
19,48,0
19,49,1
19,51,1
19,50,1
19,52,1
19,53,0
19,54,0
19,55,1
19,56,1
19,57,0
19,58,0
19,59,0
19,60,1
19,61,1
19,62,1
19,63,1
19,64,0
19,65,1
19,66,1
19,67,1
19,68,0
19,69,0
19,70,0
19,71,0
19,72,1
19,73,1
19,74,0
19,75,1
19,76,0
19,78,0
19,79,1
19,80,0
19,81,0
19,82,1
19,83,0
19,84,0
19,85,0
19,86,0
19,87,0
19,88,0
19,89,0
19,90,0
19,91,1
19,92,1
19,93,0
19,94,1
19,95,0
19,96,0
19,97,0
19,98,1
19,99,1
19,100,0
19,101,1
19,102,0
19,103,0
19,104,0
19,105,0
19,106,1
19,107,0
19,108,0
19,109,0
19,110,0
19,111,0
19,112,0
19,113,1
19,114,0
19,115,1
19,116,0
19,117,0
19,119,0
19,121,0
19,118,0
19,120,0
19,122,0
19,123,1
19,124,1
19,125,1
19,126,1
19,127,0
19,128,1
19,129,1
19,130,0
19,131,0
19,132,1
19,133,1
19,134,1
19,135,0
19,136,1
19,137,0
19,138,0
19,140,0
19,141,1
19,142,0
19,143,0
19,144,1
19,146,0
19,145,0
19,147,0
19,148,0
19,150,1
19,151,0
19,152,1
19,153,0
19,154,0
19,155,1
19,156,0
19,157,0
19,158,0
19,159,0
19,160,1
19,161,1
19,139,1
19,162,1
19,163,1
19,164,1
19,165,1
19,166,1
19,167,1
19,168,1
19,169,1
19,170,0
19,171,1
19,172,0
19,173,0
19,174,0
19,175,0
19,178,1
19,176,0
19,177,0
19,179,1
19,180,1
19,181,1
19,182,0
19,183,0
19,184,0
19,185,0
19,186,1
19,187,0
19,188,0
19,189,1
19,190,1
19,191,0
19,192,0
19,193,0
19,194,1
19,195,0
19,196,0
19,197,0
19,198,0
19,199,0
19,200,0
20,1,1
20,2,0
20,3,1
20,4,0
20,5,0
20,8,1
20,7,0
20,9,1
20,10,1
20,12,1
20,11,0
20,13,0
20,14,0
20,15,1
20,16,0
20,17,0
20,18,1
20,19,0
20,20,1
20,21,1
20,6,0
20,22,0
20,23,1
20,24,0
20,25,0
20,26,1
20,27,1
20,28,0
20,29,1
20,30,1
20,31,1
20,32,1
20,33,0
20,34,1
20,35,1
20,36,0
20,37,1
20,38,1
20,39,1
20,77,1
20,40,0
20,41,0
20,42,0
20,43,1
20,149,0
20,44,0
20,45,0
20,46,1
20,47,1
20,48,1
20,49,0
20,51,0
20,50,0
20,52,0
20,53,0
20,54,1
20,55,0
20,56,0
20,57,0
20,58,1
20,59,0
20,60,0
20,61,0
20,62,0
20,63,0
20,64,0
20,65,0
20,66,0
20,67,0
20,68,0
20,69,1
20,70,1
20,71,1
20,72,0
20,73,0
20,74,0
20,75,0
20,76,0
20,78,0
20,79,0
20,80,1
20,81,1
20,82,0
20,83,0
20,84,1
20,85,1
20,86,1
20,87,1
20,88,1
20,89,1
20,90,1
20,91,0
20,92,0
20,93,0
20,94,0
20,95,1
20,96,0
20,97,1
20,98,0
20,99,0
20,100,1
20,101,0
20,102,0
20,103,0
20,104,1
20,105,1
20,106,0
20,107,0
20,108,0
20,109,0
20,110,1
20,111,1
20,112,1
20,113,0
20,114,1
20,115,0
20,116,1
20,117,1
20,119,0
20,121,1
20,118,1
20,120,1
20,122,1
20,123,0
20,124,0
20,125,0
20,126,0
20,127,1
20,128,0
20,129,0
20,130,1
20,131,1
20,132,0
20,133,0
20,134,0
20,135,0
20,136,0
20,137,1
20,138,0
20,140,1
20,141,0
20,142,1
20,143,0
20,144,0
20,146,0
20,145,0
20,147,1
20,148,1
20,150,0
20,151,1
20,152,0
20,153,1
20,154,1
20,155,0
20,156,1
20,157,1
20,158,0
20,159,0
20,160,0
20,161,0
20,139,0
20,162,0
20,163,0
20,164,0
20,165,0
20,166,0
20,167,0
20,168,0
20,169,0
20,170,1
20,171,0
20,172,0
20,173,0
20,174,0
20,175,0
20,178,0
20,176,1
20,177,1
20,179,0
20,180,0
20,181,0
20,182,1
20,183,0
20,184,1
20,185,0
20,186,0
20,187,1
20,188,1
20,189,0
20,190,0
20,191,0
20,192,0
20,193,1
20,194,0
20,195,1
20,196,1
20,197,0
20,198,1
20,199,1
20,200,1
21,1,1
21,2,0
21,3,1
21,4,0
21,5,0
21,7,0
21,8,1
21,9,1
21,10,1
21,11,0
21,12,1
21,13,0
21,14,0
21,15,1
21,16,1
21,17,0
21,18,1
21,19,0
21,20,1
21,21,1
21,6,0
21,22,0
21,23,1
21,24,1
21,25,0
21,26,1
21,27,1
21,28,0
21,29,1
21,30,1
21,31,1
21,32,1
21,33,0
21,34,1
21,35,1
21,36,0
21,37,1
21,38,1
21,39,1
21,77,1
21,40,0
21,41,0
21,42,0
21,43,1
21,149,0
21,44,0
21,45,0
21,46,0
21,47,1
21,48,1
21,49,0
21,51,0
21,50,0
21,52,0
21,53,0
21,54,1
21,55,0
21,56,0
21,57,1
21,58,1
21,59,0
21,60,0
21,61,0
21,62,0
21,63,0
21,64,0
21,65,0
21,66,0
21,67,0
21,68,0
21,69,1
21,70,1
21,71,1
21,72,0
21,73,0
21,74,1
21,75,0
21,76,1
21,78,0
21,79,0
21,80,1
21,81,1
21,82,0
21,83,0
21,84,1
21,85,1
21,86,1
21,87,1
21,88,0
21,89,0
21,90,1
21,91,0
21,92,0
21,93,0
21,94,0
21,95,1
21,96,0
21,97,1
21,98,0
21,99,0
21,100,1
21,101,0
21,102,0
21,103,0
21,104,1
21,105,1
21,106,0
21,107,0
21,108,1
21,109,1
21,110,1
21,111,0
21,112,1
21,113,0
21,114,1
21,115,0
21,116,1
21,117,1
21,119,1
21,121,1
21,118,1
21,120,1
21,122,1
21,123,0
21,124,0
21,125,0
21,126,0
21,127,0
21,128,0
21,129,0
21,130,1
21,131,0
21,132,0
21,133,0
21,134,0
21,135,0
21,136,0
21,137,1
21,138,1
21,140,1
21,141,0
21,142,1
21,143,0
21,144,0
21,146,1
21,145,0
21,147,1
21,148,1
21,150,0
21,151,1
21,152,0
21,153,1
21,154,1
21,155,0
21,156,1
21,157,0
21,158,1
21,159,0
21,160,0
21,161,0
21,139,0
21,162,0
21,163,0
21,164,0
21,165,0
21,166,0
21,167,0
21,168,0
21,169,0
21,170,1
21,171,0
21,172,0
21,173,0
21,174,0
21,175,0
21,178,0
21,176,1
21,177,1
21,179,0
21,180,0
21,181,0
21,182,1
21,183,0
21,184,1
21,185,1
21,186,0
21,187,1
21,188,1
21,189,0
21,190,0
21,191,0
21,192,0
21,193,1
21,194,0
21,195,1
21,196,1
21,197,0
21,198,1
21,199,1
21,200,1
22,1,0
22,2,1
22,3,0
22,4,0
22,5,1
22,7,0
22,8,0
22,9,0
22,10,0
22,11,1
22,12,0
22,13,0
22,14,1
22,15,0
22,16,0
22,17,1
22,18,0
22,19,1
22,20,0
22,21,0
22,6,0
22,22,0
22,23,0
22,24,0
22,25,0
22,26,0
22,27,0
22,28,1
22,29,0
22,30,0
22,31,0
22,32,0
22,33,1
22,34,0
22,35,0
22,36,1
22,37,0
22,38,0
22,39,0
22,77,0
22,40,1
22,41,0
22,42,0
22,43,0
22,149,0
22,44,0
22,45,1
22,46,0
22,47,0
22,48,0
22,49,1
22,51,0
22,50,1
22,52,1
22,53,1
22,54,0
22,55,1
22,56,1
22,57,0
22,58,0
22,59,0
22,60,1
22,61,1
22,62,1
22,63,1
22,64,0
22,65,1
22,66,1
22,67,1
22,68,0
22,69,0
22,70,0
22,71,0
22,72,1
22,73,1
22,74,0
22,75,1
22,76,0
22,78,0
22,79,1
22,80,0
22,81,0
22,82,1
22,83,0
22,84,0
22,85,0
22,86,0
22,87,0
22,88,0
22,89,0
22,90,0
22,91,1
22,92,1
22,93,0
22,94,1
22,95,0
22,96,0
22,97,0
22,98,1
22,99,1
22,100,0
22,101,0
22,102,0
22,103,0
22,104,0
22,105,0
22,106,1
22,107,0
22,108,0
22,109,0
22,110,0
22,111,0
22,112,0
22,113,1
22,114,0
22,115,1
22,116,0
22,117,0
22,119,0
22,121,0
22,118,0
22,120,0
22,122,0
22,123,1
22,124,1
22,125,1
22,126,0
22,127,0
22,128,1
22,129,1
22,130,0
22,131,0
22,132,1
22,133,1
22,134,1
22,135,0
22,136,1
22,137,0
22,138,0
22,140,0
22,141,1
22,142,0
22,143,0
22,144,1
22,146,0
22,145,1
22,147,0
22,148,0
22,150,1
22,151,0
22,152,1
22,153,0
22,154,0
22,155,1
22,156,0
22,157,0
22,158,0
22,159,1
22,160,1
22,161,1
22,139,0
22,162,0
22,163,1
22,164,1
22,165,1
22,166,1
22,167,1
22,168,1
22,169,1
22,170,0
22,171,1
22,172,1
22,173,0
22,174,0
22,175,1
22,178,1
22,176,0
22,177,0
22,179,1
22,180,1
22,181,1
22,182,0
22,183,1
22,184,0
22,185,0
22,186,1
22,187,0
22,188,0
22,189,1
22,190,1
22,191,0
22,192,1
22,193,0
22,194,1
22,195,0
22,196,0
22,197,0
22,198,0
22,199,0
22,200,0
23,1,0
23,2,0
23,3,0
23,4,0
23,5,1
23,8,0
23,7,0
23,9,0
23,10,0
23,11,0
23,12,0
23,13,0
23,14,1
23,15,0
23,16,0
23,17,1
23,18,0
23,19,1
23,20,0
23,21,0
23,6,0
23,22,0
23,23,0
23,24,0
23,25,0
23,26,0
23,27,0
23,28,1
23,29,0
23,30,0
23,31,0
23,32,0
23,33,1
23,34,0
23,35,0
23,36,0
23,37,0
23,38,0
23,39,0
23,77,0
23,40,1
23,41,0
23,42,0
23,43,0
23,149,0
23,44,0
23,45,0
23,46,0
23,47,0
23,48,0
23,49,1
23,51,0
23,50,1
23,52,1
23,53,1
23,54,0
23,55,1
23,56,0
23,57,0
23,58,0
23,59,0
23,60,1
23,61,1
23,62,1
23,63,1
23,64,0
23,65,1
23,66,1
23,67,1
23,68,0
23,69,0
23,70,0
23,71,0
23,72,1
23,73,1
23,74,0
23,75,0
23,76,0
23,78,0
23,79,1
23,80,0
23,81,0
23,82,1
23,83,0
23,84,0
23,85,0
23,86,0
23,87,0
23,88,0
23,89,0
23,90,0
23,91,0
23,92,1
23,93,0
23,94,1
23,95,0
23,96,0
23,97,0
23,98,1
23,99,1
23,100,0
23,101,0
23,102,0
23,103,0
23,104,0
23,105,0
23,106,1
23,107,0
23,108,0
23,109,0
23,110,0
23,111,0
23,112,0
23,113,1
23,114,0
23,115,1
23,116,0
23,117,0
23,119,0
23,121,0
23,118,0
23,120,0
23,122,0
23,123,1
23,124,1
23,125,1
23,126,0
23,127,0
23,128,1
23,129,1
23,130,0
23,131,0
23,132,1
23,133,1
23,134,1
23,135,0
23,136,1
23,137,0
23,138,0
23,140,0
23,141,1
23,142,0
23,143,0
23,144,1
23,146,0
23,145,1
23,147,0
23,148,0
23,150,1
23,151,0
23,152,1
23,153,0
23,154,0
23,155,1
23,156,0
23,157,0
23,158,0
23,159,1
23,160,1
23,161,1
23,139,0
23,162,0
23,163,1
23,164,1
23,165,1
23,166,1
23,167,1
23,168,1
23,169,1
23,170,0
23,171,1
23,172,1
23,173,0
23,174,0
23,175,1
23,178,1
23,176,0
23,177,0
23,179,1
23,180,1
23,181,1
23,182,0
23,183,1
23,184,0
23,185,0
23,186,1
23,187,0
23,188,0
23,189,1
23,190,1
23,191,0
23,192,1
23,193,0
23,194,1
23,195,0
23,196,0
23,197,0
23,198,0
23,199,0
23,200,0
24,1,0
24,2,0
24,3,0
24,4,0
24,5,0
24,7,0
24,8,0
24,9,0
24,10,0
24,11,0
24,12,0
24,13,0
24,14,0
24,15,0
24,16,0
24,17,1
24,18,0
24,19,1
24,20,0
24,21,0
24,6,0
24,22,0
24,23,0
24,24,0
24,25,0
24,26,0
24,27,0
24,28,0
24,29,0
24,30,0
24,31,0
24,32,0
24,33,0
24,34,0
24,35,0
24,36,0
24,37,0
24,38,0
24,39,0
24,77,0
24,40,0
24,41,0
24,42,0
24,43,0
24,149,0
24,44,0
24,45,0
24,46,0
24,47,0
24,48,0
24,49,0
24,51,0
24,50,1
24,52,0
24,53,1
24,54,0
24,55,0
24,56,0
24,57,0
24,58,0
24,59,0
24,60,1
24,61,1
24,62,0
24,63,0
24,64,0
24,65,0
24,66,0
24,67,0
24,68,0
24,69,0
24,70,0
24,71,0
24,72,1
24,73,0
24,74,0
24,75,0
24,76,0
24,78,0
24,79,0
24,80,0
24,81,0
24,82,0
24,83,0
24,84,0
24,85,0
24,86,0
24,87,0
24,88,0
24,89,0
24,90,0
24,91,0
24,92,0
24,93,0
24,94,0
24,95,0
24,96,0
24,97,0
24,98,0
24,99,0
24,100,0
24,101,0
24,102,0
24,103,0
24,104,0
24,105,0
24,106,0
24,107,0
24,108,0
24,109,0
24,110,0
24,111,0
24,112,0
24,113,1
24,114,0
24,115,0
24,116,0
24,117,0
24,119,0
24,121,0
24,118,0
24,120,0
24,122,0
24,123,0
24,124,1
24,125,0
24,126,0
24,127,0
24,128,0
24,129,0
24,130,0
24,131,0
24,132,0
24,133,0
24,134,0
24,135,0
24,136,0
24,137,0
24,138,0
24,140,0
24,141,0
24,142,0
24,143,0
24,144,0
24,146,0
24,145,1
24,147,0
24,148,0
24,150,1
24,151,0
24,152,0
24,153,0
24,154,0
24,155,1
24,156,0
24,157,0
24,158,0
24,159,1
24,160,1
24,161,1
24,139,0
24,162,0
24,163,0
24,164,0
24,165,1
24,166,1
24,167,0
24,168,0
24,169,1
24,170,0
24,171,0
24,172,1
24,173,0
24,174,0
24,175,1
24,178,0
24,176,0
24,177,0
24,179,1
24,180,1
24,181,0
24,182,0
24,183,1
24,184,0
24,185,0
24,186,0
24,187,0
24,188,0
24,189,0
24,190,0
24,191,0
24,192,1
24,193,0
24,194,1
24,195,0
24,196,0
24,197,0
24,198,0
24,199,0
24,200,0
25,1,1
25,2,0
25,3,1
25,4,1
25,5,0
25,7,1
25,8,1
25,9,1
25,10,1
25,11,1
25,12,1
25,13,1
25,14,0
25,15,1
25,16,1
25,17,0
25,18,1
25,19,0
25,20,0
25,21,0
25,6,1
25,22,0
25,23,1
25,24,0
25,25,1
25,26,1
25,27,1
25,28,0
25,29,1
25,30,1
25,31,1
25,32,1
25,33,0
25,34,1
25,35,1
25,36,1
25,37,1
25,38,1
25,39,1
25,77,0
25,40,0
25,41,0
25,42,1
25,43,1
25,149,0
25,44,1
25,45,1
25,46,1
25,47,1
25,48,1
25,49,0
25,51,0
25,50,0
25,52,0
25,53,0
25,54,1
25,55,0
25,56,1
25,57,0
25,58,1
25,59,1
25,60,0
25,61,0
25,62,0
25,63,0
25,64,1
25,65,0
25,66,0
25,67,0
25,68,1
25,69,1
25,70,1
25,71,1
25,72,0
25,73,0
25,74,0
25,75,1
25,76,0
25,78,1
25,79,0
25,80,1
25,81,1
25,82,0
25,83,1
25,84,1
25,85,1
25,86,0
25,87,1
25,88,1
25,89,1
25,90,1
25,91,1
25,92,0
25,93,0
25,94,0
25,95,1
25,96,1
25,97,1
25,98,0
25,99,0
25,100,1
25,101,1
25,102,0
25,103,1
25,104,1
25,105,1
25,106,0
25,107,1
25,108,1
25,109,0
25,110,1
25,111,1
25,112,1
25,113,0
25,114,1
25,115,0
25,116,1
25,117,1
25,119,1
25,121,0
25,118,0
25,120,1
25,122,1
25,123,0
25,124,0
25,125,0
25,126,1
25,127,1
25,128,0
25,129,0
25,130,0
25,131,1
25,132,0
25,133,0
25,134,0
25,135,1
25,136,0
25,137,0
25,138,0
25,140,1
25,141,0
25,142,1
25,143,1
25,144,0
25,146,0
25,145,0
25,147,0
25,148,1
25,150,0
25,151,1
25,152,0
25,153,1
25,154,1
25,155,0
25,156,1
25,157,1
25,158,0
25,159,0
25,160,0
25,161,0
25,139,1
25,162,1
25,163,0
25,164,0
25,165,0
25,166,0
25,167,0
25,168,0
25,169,0
25,170,1
25,171,0
25,172,0
25,173,1
25,174,1
25,175,0
25,178,0
25,176,1
25,177,0
25,179,0
25,180,0
25,181,0
25,182,1
25,183,0
25,184,1
25,185,0
25,186,0
25,187,1
25,188,0
25,189,0
25,190,0
25,191,1
25,192,0
25,193,1
25,194,0
25,195,1
25,196,1
25,197,1
25,198,1
25,199,0
25,200,0
